IBM Global Services,http://www.crn.com/slide-shows/channel-programs/300086131/2017-solution-provider-500-the-top-100.htm/pgno/0/100,http://www.ibm.com/,,,,,,
Accenture,http://www.crn.com/slide-shows/channel-programs/300086131/2017-solution-provider-500-the-top-100.htm/pgno/0/99,http://www.accenture.com/,https://www.linkedin.com/company/accenture-uk/,,,,,
Tata Consultancy Services,http://www.crn.com/slide-shows/channel-programs/300086131/2017-solution-provider-500-the-top-100.htm/pgno/0/98,http://www.tcs.com/,https://www.tcs.com/linkedin/,,,,,
NTT Data Services,http://www.crn.com/slide-shows/channel-programs/300086131/2017-solution-provider-500-the-top-100.htm/pgno/0/97,http://us.nttdata.com/,https://www.linkedin.com/company-beta/2494361,,,,,
CDW,http://www.crn.com/slide-shows/channel-programs/300086131/2017-solution-provider-500-the-top-100.htm/pgno/0/96,http://www.cdw.com/,https://www.linkedin.com/company/cdw,,,,,
Capgemini,http://www.crn.com/slide-shows/channel-programs/300086131/2017-solution-provider-500-the-top-100.htm/pgno/0/95,http://www.capgemini.com/,https://www.linkedin.com/company-beta/157240/,,,,,
Cognizant,http://www.crn.com/slide-shows/channel-programs/300086131/2017-solution-provider-500-the-top-100.htm/pgno/0/94,http://www.cognizant.com/,http://www.linkedin.com/company/cognizant,,,,,
World Wide Technology (WWT),http://www.crn.com/slide-shows/channel-programs/300086131/2017-solution-provider-500-the-top-100.htm/pgno/0/93,http://www.wwt.com/,,,,,,
SHI,http://www.crn.com/slide-shows/channel-programs/300086131/2017-solution-provider-500-the-top-100.htm/pgno/0/92,http://www.shi.com/,http://www.linkedin.com/company/shi-international-corp-,,,,,
Dimension Data,http://www.crn.com/slide-shows/channel-programs/300086131/2017-solution-provider-500-the-top-100.htm/pgno/0/91,http://www.dimensiondata.com/,http://www.linkedin.com/company/dimension-data,,,,,
DXC Technology,http://www.crn.com/slide-shows/channel-programs/300086131/2017-solution-provider-500-the-top-100.htm/pgno/0/90,http://www.dxc.technology/,https://www.linkedin.com/company/dxctechnology,,,,,
SoftwareONE,http://www.crn.com/slide-shows/channel-programs/300086131/2017-solution-provider-500-the-top-100.htm/pgno/0/89,http://www.softwareone.com/,https://www.linkedin.com/company/softwareone,,,,,
Insight,http://www.crn.com/slide-shows/channel-programs/300086131/2017-solution-provider-500-the-top-100.htm/pgno/0/88,http://www.insight.com/,https://www.linkedin.com/company/2305?trk=tyah,,,,,
CSRA,http://www.crn.com/slide-shows/channel-programs/300086131/2017-solution-provider-500-the-top-100.htm/pgno/0/87,http://www.csra.com/,https://www.linkedin.com/company/csra_inc,,,,,
Deloitte Technology,http://www.crn.com/slide-shows/channel-programs/300086131/2017-solution-provider-500-the-top-100.htm/pgno/0/86,http://www.deloitte.com/,https://www.linkedin.com/pulse/investing-future-skills-antidote-uks-productivity-woes-david-sproul/,,,,,
CACI,http://www.crn.com/slide-shows/channel-programs/300086131/2017-solution-provider-500-the-top-100.htm/pgno/0/85,http://www.caci.com/,http://www.linkedin.com/company/caci-international-inc/,,,,,
Xerox Managed Print Services,http://www.crn.com/slide-shows/channel-programs/300086131/2017-solution-provider-500-the-top-100.htm/pgno/0/84,http://www.xerox.com/,https://www.linkedin.com/company/xerox,,,,,
Carahsoft,http://www.crn.com/slide-shows/channel-programs/300086131/2017-solution-provider-500-the-top-100.htm/pgno/0/83,http://www.carahsoft.com/,http://www.linkedin.com/company/carahsoft-technology-corp-,,,,,
CGI,http://www.crn.com/slide-shows/channel-programs/300086131/2017-solution-provider-500-the-top-100.htm/pgno/0/82,http://www.cgi.com/,http://www.linkedin.com/company/cgi?trk=fc_badge,,,,,
Unisys Corporation,http://www.crn.com/slide-shows/channel-programs/300086131/2017-solution-provider-500-the-top-100.htm/pgno/0/81,http://www.unisys.com/,https://www.linkedin.com/company/unisys,,,,,
Presidio,http://www.crn.com/slide-shows/channel-programs/300086131/2017-solution-provider-500-the-top-100.htm/pgno/0/80,http://www.presidio.com/,http://www.linkedin.com/company/presidio-,,,,,
Connection,http://www.crn.com/slide-shows/channel-programs/300086131/2017-solution-provider-500-the-top-100.htm/pgno/0/79,http://www.pcconnection.com/,https://www.linkedin.com/company/connection-it,,,,,
Windstream Enterprise,http://www.crn.com/slide-shows/channel-programs/300086131/2017-solution-provider-500-the-top-100.htm/pgno/0/78,http://www.windstreambusiness.com/,http://www.linkedin.com/company/12709,,,,,
West Corporation,http://www.crn.com/slide-shows/channel-programs/300086131/2017-solution-provider-500-the-top-100.htm/pgno/0/77,http://www.west.com/,https://www.linkedin.com/company/west-corporation,,,,,
PCM,http://www.crn.com/sp-500/2017/sp2017-details.htm?c=25,http://www.pcm.com/,http://www.linkedin.com/company/pcm-inc/,,,,,
Sirius Computer Solutions,http://www.crn.com/sp-500/2017/sp2017-details.htm?c=26,http://www.siriuscom.com/,http://www.linkedin.com/company/sirius-computer-solutions,,,,,
Optiv,http://www.crn.com/sp-500/2017/sp2017-details.htm?c=27,http://www.optiv.com/,http://www.linkedin.com/company/optiv-inc,,,,,
Avanade,http://www.crn.com/sp-500/2017/sp2017-details.htm?c=28,http://www.avanade.com/,http://www.linkedin.com/?url=https://www.avanade.com/en,,,,,
TELUS Corporation,http://www.crn.com/sp-500/2017/sp2017-details.htm?c=29,https://twitter.com/TELUS,,,,,,
Logicalis,http://www.crn.com/sp-500/2017/sp2017-details.htm?c=49,http://www.us.logicalis.com/,http://www.linkedin.com/company/logicalisus,,,,,
Systemax,http://www.crn.com/sp-500/2017/sp2017-details.htm?c=30,http://www.systemax.com/,,,,,,
ManTech,http://www.crn.com/sp-500/2017/sp2017-details.htm?c=31,http://www.mantech.com/,,,,,,
Zones,http://www.crn.com/sp-500/2017/sp2017-details.htm?c=32,http://www.zones.com/,http://www.linkedin.com/company/zones,,,,,
SS&C Technologies,http://www.crn.com/sp-500/2017/sp2017-details.htm?c=33,http://www.ssctech.com/,http://www.linkedin.com/companies/ss-c-technologies,,,,,
Softchoice,http://www.crn.com/sp-500/2017/sp2017-details.htm?c=34,http://www.softchoice.com/,https://www.linkedin.com/company/softchoice,,,,,
ePlus Technology,http://www.crn.com/sp-500/2017/sp2017-details.htm?c=35,http://www.eplus.com/,http://www.linkedin.com/company/eplus-technology,,,,,
EPAM Systems,http://www.crn.com/sp-500/2017/sp2017-details.htm?c=36,http://www.epam.com/,http://www.linkedin.com/company/4972?goback=.fcs_GLHD_EPAM_*2_*2_*2_*2_*2_*2_*2_*2_*2_*2_*2&trk=ncsrch_hits,,,,,
Forsythe,http://www.crn.com/sp-500/2017/sp2017-details.htm?c=37,http://www.forsythe.com/,https://www.linkedin.com/company/forsythe,,,,,
Syntel,http://www.crn.com/sp-500/2017/sp2017-details.htm?c=38,http://www.syntelinc.com/,https://www.syntelinc.com/linkedin/login/0?nid=1036,,,,,
DLT Solutions,http://www.crn.com/sp-500/2017/sp2017-details.htm?c=39,http://www.dlt.com/,https://www.linkedin.com/company/dlt-solutions?trk=hb_tab_compy_id_12772,,,,,
Black Box Network Services,http://www.crn.com/sp-500/2017/sp2017-details.htm?c=40,http://www.blackbox.com/,https://www.linkedin.com/company/black-box-network-services?goback=.cps_1288813174000_1&trk=co_search_results,,,,,
Slalom Consulting,http://www.crn.com/sp-500/2017/sp2017-details.htm?c=41,http://www.slalom.com/,https://www.linkedin.com/company/slalom-consulting,,,,,
Pomeroy,http://www.crn.com/sp-500/2017/sp2017-details.htm?c=42,http://www.pomeroy.com/,https://www.linkedin.com/company/6875?trk=tyah,,,,,
Iron Bow Technologies,http://www.crn.com/sp-500/2017/sp2017-details.htm?c=43,http://www.ironbow.com/,https://www.linkedin.com/company/iron-bow-technologies/,,,,,
Tyler Technologies,http://www.crn.com/sp-500/2017/sp2017-details.htm?c=44,http://www.tylertech.com/,http://www.linkedin.com/,,,,,
Consolidated Communications,http://www.crn.com/sp-500/2017/sp2017-details.htm?c=45,http://www.consolidated.com/,https://www.linkedin.com/company/consolidated-communications,,,,,
FusionStorm,http://www.crn.com/sp-500/2017/sp2017-details.htm?c=46,http://www.fusionstorm.com/,https://www.linkedin.com/company/fusionstorm,,,,,
OnX Enterprise Solutions,http://www.crn.com/sp-500/2017/sp2017-details.htm?c=47,http://www.onx.com/,https://www.linkedin.com/company/onx-enterprise-solutions,,,,,
ProSys,http://www.crn.com/sp-500/2017/sp2017-details.htm?c=48,http://www.prosysis.com/,http://www.linkedin.com/company/sigma-solutions-inc.,,,,,
General Datatech (GDT),http://www.crn.com/sp-500/2017/sp2017-details.htm?c=50,http://www.gdt.com/,https://www.linkedin.com/company/general-datatech,,,,,
AVI-SPL,http://www.crn.com/sp-500/2017/sp2017-details.htm?c=51,http://www.avispl.com/,https://www.linkedin.com/company/avi-spl,,,,,
Applied Computer Solutions (ACS),http://www.crn.com/sp-500/2017/sp2017-details.htm?c=52,http://www.acsacs.com/,,,,,,
VirtusaPolaris,http://www.crn.com/sp-500/2017/sp2017-details.htm?c=53,http://www.virtusapolaris.com/,,,,,,
Intelligent Decisions,http://www.crn.com/sp-500/2017/sp2017-details.htm?c=54,http://www.intelligent.net/,http://www.linkedin.com/company/22419?trk=NUS_CMPY_FOL-pdctd,,,,,
Red River,http://www.crn.com/sp-500/2017/sp2017-details.htm?c=55,http://www.redriver.com/,https://www.linkedin.com/company/red-river-computer-company,,,,,
Trace3,http://www.crn.com/sp-500/2017/sp2017-details.htm?c=56,http://www.trace3.com/,https://www.linkedin.com/company/trace3,,,,,
Perficient,http://www.crn.com/sp-500/2017/sp2017-details.htm?c=57,http://www.perficient.com/,https://www.perficient.com/work/linkedin,,,,,
Meridian Group International,http://www.crn.com/sp-500/2017/sp2017-details.htm?c=58,http://www.onlinemeridian.com/,https://www.linkedin.com/company/meridian-group-international-inc-,,,,,
Continental Resources (ConRes),http://www.crn.com/sp-500/2017/sp2017-details.htm?c=59,http://www.conres.com/,http://us.linkedin.com/company/continental-resources,,,,,
Diversified,http://www.crn.com/sp-500/2017/sp2017-details.htm?c=60,http://www.diversifiedus.com/,https://www.linkedin.com/company/diversified-?trk=biz-companies-cym,,,,,
Carousel Industries,http://www.crn.com/sp-500/2017/sp2017-details.htm?c=61,http://www.carouselindustries.com/,http://www.linkedin.com/companies/carousel-industries,,,,,
Comtech Telecommunications Corp.,http://www.crn.com/sp-500/2017/sp2017-details.htm?c=62,http://www.comtechtel.com/,,,,,,
Compugen,http://www.crn.com/sp-500/2017/sp2017-details.htm?c=63,http://www.compugen.com/,http://www.linkedin.com/company/compugen,,,,,
Quality Technology Services (QTS),http://www.crn.com/sp-500/2017/sp2017-details.htm?c=64,https://twitter.com/DataCenters_QTS,,,,,,
CoreSite,http://www.crn.com/sp-500/2017/sp2017-details.htm?c=65,http://www.coresite.com/,https://www.linkedin.com/company/coresite,,,,,
Digital Intelligence Systems (DISYS),http://www.crn.com/sp-500/2017/sp2017-details.htm?c=66,http://www.disys.com/,http://www.linkedin.com/company/disys,,,,,
Sterling Computers,http://www.crn.com/sp-500/2017/sp2017-details.htm?c=67,http://www.sterlingcomputers.com/,https://www.linkedin.com/company/sterling-computers,,,,,
Lasalle Solutions,http://www.crn.com/sp-500/2017/sp2017-details.htm?c=68,http://www.elasalle.com/,https://www.linkedin.com/company/lasalle-solutions,,,,,
ThunderCat Technology,http://www.crn.com/sp-500/2017/sp2017-details.htm?c=69,http://www.thundercattech.com/,http://www.linkedin.com/company/thundercat-technology,,,,,
Redapt,http://www.crn.com/sp-500/2017/sp2017-details.htmgy Resources (GTRI),http://www.crn.com/sp-500/2017/sp2017-details.htm?c=151,http://www.gtri.com/,,,,,
GHA Technologies,http://www.crn.com/sp-500/2017/sp2017-details.htm?c=152,http://www.gha-associates.com/,,,,,,
"Pyramid Consulting, Inc.",http://www.crn.com/sp-500/2017/sp2017-details.htm?c=153,http://www.pyramidci.com/,http://www.linkedin.com/company/pyramid-consulting,,,,,
Phacil,http://www.crn.com/sp-500/2017/sp2017-details.htm?c=154,http://www.phacil.com/,,,,,,
Daly Computers,http://www.crn.com/sp-500/2017/sp2017-details.htm?c=155,http://www.daly.com/,https://www.linkedin.com/company/1872990,,,,,
MTM Technologies,http://www.crn.com/sp-500/2017/sp2017-details.htm?c=156,http://www.mtm.com/,http://www.linkedin.com/companies/mtm-technologies,,,,,
CCS Presentation Systems,http://www.crn.com/sp-500/2017/sp2017-details.htm?c=157,http://www.ccsprojects.com/,,,,,,
YASH Technologies,http://www.crn.com/sp-500/2017/sp2017-details.htm?c=158,http://www.yash.com/,https://www.linkedin.com/company-beta/8493/,,,,,
BlueAlly,http://www.crn.com/sp-500/2017/sp2017-details.htm?c=159,http://www.blueally.com/,https://www.linkedin.com/company/blueally,,,,,
Corus360,http://www.crn.com/sp-500/2017/sp2017-details.htm?c=160,http://www.corus360.com/,https://www.linkedin.com/company/corus360,,,,,
HB Communications,http://www.crn.com/sp-500/2017/sp2017-details.htm?c=161,http://www.hbcommunications.com/,http://www.linkedin.com/company/hb-communications,,,,,
ProKarma,http://www.crn.com/sp-500/2017/sp2017-details.htm?c=162,http://www.prokarma.com/,http://www.linkedin.com/companies/prokarma,,,,,
Dasher Technologies,http://www.crn.com/sp-500/2017/sp2017-details.htm?c=163,http://www.dasher.com/,http://www.linkedin.com/company/142802,,,,,
TekLinks,http://www.crn.com/sp-500/2017/sp2017-details.htm?c=164,http://www.teklinks.com/,https://www.linkedin.com/company/teklinks,,,,,
FlexITy Solutions,http://www.crn.com/sp-500/2017/sp2017-details.htm?c=165,http://www.flexity.ca/,http://www.linkedin.com/company/flexity-solutions-inc.,,,,,
Atlantix Global Systems,http://www.crn.com/sp-500/2017/sp2017-details.htm?c=166,http://www.atlantixglobal.com/,http://www.linkedin.com/company/atlantix-global-systems,,,,,
Tribridge,http://www.crn.com/sp-500/2017/sp2017-details.htm?c=167,http://www.tribridge.com/,http://www.tribridge.com/insights/SuccessStory/customer-testimonial-video---linkedin,,,,,
Evolving Solutions,http://www.crn.com/sp-500/2017/sp2017-details.htm?c=168,http://www.evolvingsol.com/,https://www.linkedin.com/company/evolving-solutions,,,,,
MicroAge,http://www.crn.com/sp-500/2017/sp2017-details.htm?c=169,http://www.microage.com/,https://www.linkedin.com/company/microage,,,,,
Edgewater Technology,http://www.crn.com/sp-500/2017/sp2017-details.htm?c=170,http://www.edgewater.com/,http://www.linkedin.com/company/edgewater-technology,,,,,
Pragmatics,http://www.crn.com/sp-500/2017/sp2017-details.htm?c=171,http://www.pragmatics.com/,http://www.linkedin.com/company/17501,,,,,
Dynamic Systems,http://www.crn.com/sp-500/2017/sp2017-details.htm?c=172,http://www.dynamicsystemsinc.com/,,,,,,
MNJ Technologies Direct,http://www.crn.com/sp-500/2017/sp2017-details.htm?c=173,http://www.mnjtech.com/,https://www.linkedin.com/company/mnj-technologies-direct,,,,,
Venture Technologies,http://www.crn.com/sp-500/2017/sp2017-details.htm?c=174,http://www.ventech.com/,http://www.linkedin.com/company/venture-technologies,,,,,
"Integrated Data Storage, LLC",http://www.crn.com/sp-500/2017/sp2017-details.htm?c=175,http://www.idsforward.com/,https://www.linkedin.com/company/83045?trk=tyah&trkInfo=clickedVertical%3Acompany%2Cidx%3A1-1-1%2CtarId%3A1433858506756%2Ctas%3AIDS%20-%20IT%20Solution,,,,,
Fusion,http://www.crn.com/sp-500/2017/sp2017-details.htm?c=176,https://twitter.com/FusionConnectSM,,,,,,
Emtec,http://www.crn.com/sp-500/2017/sp2017-details.htm?c=177,http://www.emtecinc.com/,https://www.emtecinc.com/#linkedin,,,,,
Micro Strategies,http://www.crn.com/sp-500/2017/sp2017-details.htm?c=178,http://www.microstrat.com/,http://www.linkedin.com/company/micro-strategies,,,,,
Dedicated Computing,http://www.crn.com/sp-500/2017/sp2017-details.htm?c=179,http://www.dedicatedcomputing.com/,,,,,,
Herjavec Group,http://www.crn.com/sp-500/2017/sp2017-details.htm?c=180,http://www.herjavecgroup.com/,http://www.linkedin.com/company/the-herjavec-group,,,,,
Education Networks of America,http://www.crn.com/sp-500/2017/sp2017-details.htm?c=181,http://www.ena.com/,http://linkedin.com/company/education-networks-of-america,,,,,
Myriad Supply,http://www.crn.com/sp-500/2017/sp2017-details.htm?c=182,http://www.myriadsupply.com/,https://www.linkedin.com/company/myriad-supply,,,,,
Knight Point Systems,http://www.crn.com/sp-500/2017/sp2017-details.htm?c=183,http://www.knightpoint.com/,https://www.linkedin.com/company/knight-point-systems,,,,,
nfrastructure,http://www.crn.com/sp-500/2017/sp2017-details.htm?c=184,http://www.nfrastructure.com/,https://www.linkedin.com/company-beta/97178/,,,,,
Advanced Systems Group (ASG),http://www.crn.com/sp-500/2017/sp2017-details.htm?c=185,http://www.virtual.com/,https://www.linkedin.com/company/advancedsystemsgroup,,,,,
Netrix,http://www.crn.com/sp-500/2017/sp2017-details.htm?c=186,http://www.netrixllc.com/,https://www.linkedin.com/company/get-netrix,,,,,
Golden Star Technology (GST),http://www.crn.com/sp-500/2017/sp2017-details.htm?c=187,http://www.gstes.com/,,,,,,
Gotham Technology Group,http://www.crn.com/sp-500/2017/sp2017-details.htm?c=188,http://www.gothamtg.com/,https://www.linkedin.com/company/21485,,,,,
HTC Global Services,http://www.crn.com/sp-500/2017/sp2017-details.htm?c=189,http://www.htcinc.com/,https://www.linkedin.com/company/htc-global-services,,,,,
ICP,http://www.crn.com/sp-500/2017/sp2017-details.htm?c=190,http://www.icpcorp.com/,,,,,,
SKC Communications,http://www.crn.com/sp-500/2017/sp2017-details.htm?c=191,http://www.skccom.com/,http://www.linkedin.com/company/skc,,,,,
Burwood Group,http://www.crn.com/sp-500/2017/sp2017-details.htm?c=192,http://www.burwood.com/,https://www.linkedin.com/company/burwood-group,,,,,
Acuative,http://www.crn.com/sp-500/2017/sp2017-details.htm?c=193,http://www.acuative.com/,http://www.linkedin.com/company/acuative,,,,,
Intermedia,http://www.crn.com/sp-500/2017/sp2017-details.htm?c=194,http://www.intermedia.net/,https://www.linkedin.com/company/intermedia,,,,,
Bedrock Technology Partners,http://www.crn.com/sp-500/2017/sp2017-details.htm?c=195,http://www.bedrock-tech.com/,,,,,,
Yorktel,http://www.crn.com/sp-500/2017/sp2017-details.htm?c=196,http://www.yorktel.com/,http://www.linkedin.com/company/36927/,,,,,
Software Information Systems (SIS),http://www.crn.com/sp-500/2017/sp2017-details.htm?c=197,http://www.thinksis.com/,https://www.linkedin.com/company/software-information-systems-llc,,,,,
CANCOM HPM Networks,http://www.crn.com/sp-500/2017/sp2017-details.htm?c=198,http://www.hpmnetworks.com/,https://www.linkedin.com/company/hpm-networks,,,,,
Champion Solutions Group,http://www.crn.com/sp-500/2017/sp2017-details.htm?c=199,http://www.championsg.com/,https://www.linkedin.com/company/champion-solutions-group,,,,,
Accudata Systems,http://www.crn.com/sp-500/2017/sp2017-details.htm?c=200,http://www.accudatasystems.com/,http://www.linkedin.com/company/accudata-systems,,,,,
iT1 Source,http://www.crn.com/sp-500/2017/sp2017-details.htm?c=201,http://www.it1.com/,https://www.linkedin.com/company/it1?trk=company_logo,,,,,
Loffler Companies,http://www.crn.com/sp-500/2017/sp2017-details.htm?c=202,https://twitter.com/Lofflercos,,,,,,
CSPi Technology Solutions,http://www.crn.com/sp-500/2017/sp2017-details.htm?c=203,http://www.cspi.com/,https://www.linkedin.com/company/csp-inc,,,,,
Technosoft Corporation,http://www.crn.com/sp-500/2017/sp2017-details.htm?c=204,http://www.technosoftcorp.com/,http://www.linkedin.com/company/technosoft-corporation,,,,,
VSS,http://www.crn.com/sp-500/2017/sp2017-details.htm?c=205,http://www.thinkvss.com/,http://www.linkedin.com/company/166847,,,,,
PCPC Direct,http://www.crn.com/sp-500/2017/sp2017-details.htm?c=206,http://www.pcpcdirect.com/,,,,,,
Greenpages Technology Solutions,http://www.crn.com/sp-500/2017/sp2017-details.htm?c=207,http://www.greenpages.com/,http://www.linkedin.com/company/greenpages-technology-solutions,,,,,
Park Place Technologies,http://www.crn.com/sp-500/2017/sp2017-details.htm?c=208,http://www.parkplacetech.com/,https://www.linkedin.com/shareArticle?mini=true&url=https%3A%2F%2Fwww.parkplacetechnologies.com%2F&title=Park%20Place%20Technologies%20%3A%20Data%20Center%20Maintenance&summary=&source=,,,,,
Anexinet,http://www.crn.com/sp-500/2017/sp2017-details.htm?c=209,http://www.anexinet.com/,https://linkedin.com/company/anexinet,,,,,
Bell Techlogix,http://www.crn.com/sp-500/2017/sp2017-details.htm?c=210,http://www.belltechlogix.com/,https://www.linkedin.com/company/772975,,,,,
Pariveda Solutions,http://www.crn.com/sp-500/2017/sp2017-details.htm?c=211,http://www.parivedasolutions.com/,http://www.linkedin.com/company/pariveda-solutions,,,,,
Strategic Communications,http://www.crn.com/sp-500/2017/sp2017-details.htm?c=212,http://www.yourstrategic.com/,https://www.linkedin.com/company-beta/2879049/,,,,,
Structured Communication Systems,http://www.crn.com/sp-500/2017/sp2017-details.htm?c=213,http://www.structured.com/,https://www.linkedin.com/company/structured-communication-systems,,,,,
Internetwork Engineering (IE),http://www.crn.com/sp-500/2017/sp2017-details.htm?c=214,http://www.ineteng.com/,https://www.linkedin.com/company/internetwork-engineering,,,,,
Nexum,http://www.crn.com/sp-500/2017/sp2017-details.htm?c=215,http://www.nexuminc.com/,http://www.linkedin.com/company/nexum-inc,,,,,
Paragon Micro,http://www.crn.com/sp-500/2017/sp2017-details.htm?c=216,http://www.paragonmicro.com/,http://www.linkedin.com/company/paragon-micro,,,,,
Comm Solutions Company,http://www.crn.com/sp-500/2017/sp2017-details.htm?c=217,http://www.commsolutions.com/,http://www.linkedin.com/company/optiv-inc,,,,,
PCi Tec,http://www.crn.com/sp-500/2017/sp2017-details.htm?c=218,http://www.pcitec.com/,https://www.linkedin.com/company-beta/24792692/,,,,,
Valcom (VLCM),http://www.crn.com/sp-500/2017/sp2017-details.htm?c=219,http://www.vlcmtech.com/,https://www.linkedin.com/company/valcom-vlcm-,,,,,
IVCi,http://www.crn.com/sp-500/2017/sp2017-details.htm?c=220,http://www.ivci.com/,http://www.linkedin.com/company/ivci,,,,,
Secure-24,http://www.crn.com/sp-500/2017/sp2017-details.htm?c=221,http://www.secure-24.com/,https://www.linkedin.com/company/secure-24,,,,,
Neudesic,http://www.crn.com/sp-500/2017/sp2017-details.htm?c=222,http://www.neudesic.com/,https://www.linkedin.com/company/neudesic,,,,,
Prolifics,http://www.crn.com/sp-500/2017/sp2017-details.htm?c=223,http://www.prolifics.com/,javascript:(function(){window.twttr=window.twttr||{},var D=550A=450C=screen.heightB=screen.widthH=Math.round((B/2)-(D/2))G=0F=documentE,if(C>A){G=Math.round((C/2)-(A/2))}window.twttr.shareWin=window.open('https://www.linkedin.com/shareArticle?mini=true&url=http://www.prolifics.com/''''left='+H+'top='+G+'width='+D+'height='+A+'personalbar=0toolbar=0scrollbars=1resizable=1'),E=F.createElement('script'),E.src='http://platform.twitter.com/widgets.js',F.getElementsByTagName('head')[0].appendChild(E)}())
Expedient,http://www.crn.com/sp-500/2017/sp2017-details.htm?c=224,http://www.expedient.com/,http://www.linkedin.com/company/18277?trk=tyah,,,,,
Whalley Computer Associates,http://www.crn.com/sp-500/2017/sp2017-details.htm?c=225,http://www.wca.com/,https://www.linkedin.com/company/whalley-computer-associates-inc,,,,,
Annese & Associates,http://www.crn.com/sp-500/2017/sp2017-details.htm?c=226,http://www.annese.com/,https://www.linkedin.com/company/annese-&-associates-inc,,,,,
Entisys360,http://www.crn.com/sp-500/2017/sp2017-details.htm?c=227,http://www.entisys360.com/,https://www.linkedin.com/company/entisys,,,,,
Starpoint Solutions,http://www.crn.com/sp-500/2017/sp2017-details.htm?c=228,http://www.starpoint.com/,http://www.linkedin.com/company/starpoint-solutions,,,,,
Bluewolf,http://www.crn.com/sp-500/2017/sp2017-details.htm?c=229,http://www.bluewolf.com/,https://www.linkedin.com/company/bluewolf-an-ibm-company,,,,,
Centric Consulting,http://www.crn.com/sp-500/2017/sp2017-details.htm?c=230,http://www.centricconsulting.com/,http://www.linkedin.com/company/centric-consulting,,,,,
Velocity Technology Solutions,http://www.crn.com/sp-500/2017/sp2017-details.htm?c=231,http://www.velocitycloud.com/,https://www.linkedin.com/company/velocity-technology-solutions?trk=tyah,,,,,
Orion Systems Integrators,http://www.crn.com/sp-500/2017/sp2017-details.htm?c=232,http://www.orioninc.com/,https://www.linkedin.com/company/orion-business-innovation,,,,,
Abacus Solutions,http://www.crn.com/sp-500/2017/sp2017-details.htm?c=233,http://www.abacusllc.com/,,,,,,
Blue Chip Tek,http://www.crn.com/sp-500/2017/sp2017-details.htm?c=234,http://www.bluechiptek.com/,https://www.linkedin.com/company/bluechiptek,,,,,
Sovereign Systems,http://www.crn.com/sp-500/2017/sp2017-details.htm?c=235,http://www.sovsystems.com/,https://www.linkedin.com/company/sovereign-systems,,,,,
Three Wire Systems,http://www.crn.com/sp-500/2017/sp2017-details.htm?c=236,http://www.threewiresys.com/,https://www.linkedin.com/company/three-wire-systems,,,,,
CXtec,http://www.crn.com/sp-500/2017/sp2017-details.htm?c=237,http://www.cxtec.com/,https://www.linkedin.com/company/cxtec,,,,,
Comm-Works,http://www.crn.com/sp-500/2017/sp2017-details.htm?c=238,http://www.comm-works.com/,http://www.linkedin.com/company/comm-works?trk=tabs_biz_home,,,,,
TSA,http://www.crn.com/sp-500/2017/sp2017-details.htm?c=239,http://www.tsa.com/,https://www.linkedin.com/company/technical-&-scientific-application-inc--tsa-,,,,,
GTS Technology Solutions,http://www.crn.com/sp-500/2017/sp2017-details.htm?c=240,http://www.gts-ts.com/,https://www.linkedin.com/company/gts-technology-solutions,,,,,
Marlabs,http://www.crn.com/sp-500/2017/sp2017-details.htm?c=241,http://www.marlabs.com/,https://www.linkedin.com/company/marlabs-inc,,,,,
VeriStor,http://www.crn.com/sp-500/2017/sp2017-details.htm?c=242,http://www.veristor.com/,https://www.linkedin.com/company/86957,,,,,
Eze Castle Integration,http://www.crn.com/sp-500/2017/sp2017-details.htm?c=243,http://www.eci.com/,http://www.linkedin.com/company/eze-castle-integration,,,,,
Systematix,http://www.crn.com/sp-500/2017/sp2017-details.htm?c=244,http://www.systematix.com/,http://www.linkedin.com/company/systematix,,,,,
CB Technologies,http://www.crn.com/sp-500/2017/sp2017-details.htm?c=245,http://www.cbtechinc.com/,https://www.linkedin.com/company/162920?trk=tyah&trkInfo=clickedVertical%3Acompany%2CclickedEntityId%3A162920%2Cidx%3A2-1-2%2CtarId%3A1485898533390%2Ctas%3Acb%20technolo,,,,,
"Right! Systems, Inc.",http://www.crn.com/sp-500/2017/sp2017-details.htm?c=246,http://www.rightsys.com/,https://www.linkedin.com/company/56758?trk=tyah&trkInfo=clickedVertical%3Acompany%2CclickedEntityId%3A56758%2Cidx%3A2-1-2%2CtarId%3A1459536682758%2Ctas%3ARight!%20Systems%20Inc,,,,,
ESI Information Technologies,http://www.crn.com/sp-500/2017/sp2017-details.htm?c=247,http://www.esitechnologies.com/,http://www.linkedin.com/company/22153,,,,,
Magenic,http://www.crn.com/sp-500/2017/sp2017-details.htm?c=248,http://www.magenic.com/,https://www.linkedin.com/company/magenic,,,,,
CMA,http://www.crn.com/sp-500/2017/sp2017-details.htm?c=249,http://www.cma.com/,https://www.linkedin.com/company/cma-consulting,,,,,
Audcomp,http://www.crn.com/sp-500/2017/sp2017-details.htm?c=250,http://www.audcomp.com/,https://ca.linkedin.com/company/audcomp,,,,,
Emergent,http://www.crn.com/sp-500/2017/sp2017-details.htm?c=251,http://www.emergent360.com/,https://www.linkedin.com/company/emergent-360,,,,,
Advantel Networks,http://www.crn.com/sp-500/2017/sp2017-details.hom/sp-500/2017/sp2017-details.htm?c=351,http://www.voxns.com/,https://www.linkedin.com/company/vox-network-solutions,,,,,
DZ Solutions,http://www.crn.com/sp-500/2017/sp2017-details.htm?c=352,http://www.dzsolutions.com/,,,,,,
Now Micro,http://www.crn.com/sp-500/2017/sp2017-details.htm?c=353,http://www.nowmicro.com/,https://www.linkedin.com/company/now-micro,,,,,
Dataprise,http://www.crn.com/sp-500/2017/sp2017-details.htm?c=354,http://www.dataprise.com/,https://www.linkedin.com/company/dataprise?trk=nav_account_sub_nav_company_admin,,,,,
Edgile,http://www.crn.com/sp-500/2017/sp2017-details.htm?c=355,http://www.edgile.com/,https://www.linkedin.com/company/edgile-inc-?trk=biz-companies-cym,,,,,
Connectria Hosting,http://www.crn.com/sp-500/2017/sp2017-details.htm?c=356,http://www.connectria.com/,http://www.linkedin.com/company/connectria,,,,,
Finger Lakes Technologies Group,http://www.crn.com/sp-500/2017/sp2017-details.htm?c=357,http://www.fltg.com/,https://www.linkedin.com/company/finger-lakes-technologies-group,,,,,
Allied Network Solutions (ANS),http://www.crn.com/sp-500/2017/sp2017-details.htm?c=358,http://www.ans-it.com/,https://www.linkedin.com/company/110340?trk=prof-0-ovw-curr_pos,,,,,
Nth Generation Computing,http://www.crn.com/sp-500/2017/sp2017-details.htm?c=359,http://www.nth.com/,http://www.linkedin.com/company/nth-generation-computing,,,,,
Communications Engineering Company (CEC),http://www.crn.com/sp-500/2017/sp2017-details.htm?c=360,http://www.cecinfo.com/,https://www.linkedin.com/company/communications-engineering-company-cec-,,,,,
Stoneworks Technologies (SWTI),http://www.crn.com/sp-500/2017/sp2017-details.htm?c=361,http://www.swti.ca/,https://www.linkedin.com/company/9034363?trk=tyah&trkInfo=clickedVertical%3Acompany%2CclickedEntityId%3A9034363%2Cidx%3A1-1-1%2CtarId%3A1443193616094%2Ctas%3Astoneworks%20tech,,,,,
AEC Group,http://www.crn.com/sp-500/2017/sp2017-details.htm?c=362,http://www.aecgroup.com/,,,,,,
CTL,http://www.crn.com/sp-500/2017/sp2017-details.htm?c=363,http://www.ctl.net/,https://www.linkedin.com/company/520794/,,,,,
World Data Products (WDPI),http://www.crn.com/sp-500/2017/sp2017-details.htm?c=364,http://www.wdpi.com/,https://www.linkedin.com/company/world-data-products,,,,,
DKW Communications,http://www.crn.com/sp-500/2017/sp2017-details.htm?c=365,http://www.dkwcommunications.com/,,,,,,
Universal E-Business Solutions,http://www.crn.com/sp-500/2017/sp2017-details.htm?c=366,http://www.uebiz.com/,https://www.linkedin.com/company/universal-e-business-solutions,,,,,
Single Digits,http://www.crn.com/sp-500/2017/sp2017-details.htm?c=367,http://www.singledigits.com/,https://www.linkedin.com/company-beta/108257/,,,,,
Dewpoint,http://www.crn.com/sp-500/2017/sp2017-details.htm?c=368,http://www.dewpoint.com/,https://www.linkedin.com/company/dewpoint,,,,,
CBI,http://www.crn.com/sp-500/2017/sp2017-details.htm?c=369,http://www.cbihome.com/,http://www.linkedin.com/company/cbisecure,,,,,
High Performance Technologies (HPT),http://www.crn.com/sp-500/2017/sp2017-details.htm?c=370,http://www.highperftech.com/,,,,,,
Precision Computer Services (PCS),http://www.crn.com/sp-500/2017/sp2017-details.htm?c=371,http://www.precisiongroup.com/,http://www.linkedin.com/company/precision-computer-services,,,,,
IMPEX Technologies,http://www.crn.com/sp-500/2017/sp2017-details.htm?c=372,http://www.impextechnologies.com/,http://www.linkedin.com/company/impex-technologies-inc?trk=top_nav_home,,,,,
"A3 Communications, Inc.",http://www.crn.com/sp-500/2017/sp2017-details.htm?c=373,http://www.a3communications.com/,,,,,,
Victrix,http://www.crn.com/sp-500/2017/sp2017-details.htm?c=374,http://www.victrix.ca/,https://www.linkedin.com/company/victrix,,,,,
Future Com,http://www.crn.com/sp-500/2017/sp2017-details.htm?c=375,http://www.myfuturecom.com/,https://www.linkedin.com/company/future-com,,,,,
Alphaserve Technologies,http://www.crn.com/sp-500/2017/sp2017-details.htm?c=376,http://www.alphaserveit.com/,https://www.linkedin.com/company/alphaserve-technologies,,,,,
Netelligent,http://www.crn.com/sp-500/2017/sp2017-details.htm?c=377,http://www.netelligent.com/,https://www.linkedin.com/company/netelligent-corporation,,,,,
EVOTEK,http://www.crn.com/sp-500/2017/sp2017-details.htm?c=378,http://www.evotek.com/,https://www.linkedin.com/company/evotek,,,,,
Comport Technology Solutions,http://www.crn.com/sp-500/2017/sp2017-details.htm?c=379,http://www.comport.com/,http://www.linkedin.com/company/comport-consulting,,,,,
Epic - A Bell MTS Company,http://www.crn.com/sp-500/2017/sp2017-details.htm?c=380,http://www.epic.ca/,https://www.linkedin.com/company/epic-information-solutions,,,,,
High Point Networks,http://www.crn.com/sp-500/2017/sp2017-details.htm?c=381,http://www.highpointnetworks.com/,http://www.linkedin.com/company/1350297,,,,,
Focus Technology Solutions,http://www.crn.com/sp-500/2017/sp2017-details.htm?c=382,http://www.focustsi.com/,https://www.linkedin.com/company/focus-technology-solutions,,,,,
Centre Technologies,http://www.crn.com/sp-500/2017/sp2017-details.htm?c=383,http://www.centretechnologies.com/,https://www.linkedin.com/company/422611?trk=tyah,,,,,
Incedo,http://www.crn.com/sp-500/2017/sp2017-details.htm?c=384,http://www.incedoinc.com/,https://www.linkedin.com/company/incedo-inc,,,,,
Corporate Technologies (MN),http://www.crn.com/sp-500/2017/sp2017-details.htm?c=385,http://www.gocorptech.com/,http://www.linkedin.com/company/corporatetechnologiesllc?trk=fc_badge,,,,,
Open Storage Solutions,http://www.crn.com/sp-500/2017/sp2017-details.htm?c=386,http://www.openstore.com/,,,,,,
Astir IT Solutions,http://www.crn.com/sp-500/2017/sp2017-details.htm?c=387,http://www.astirit.com/,http://www.linkedin.com/company/astir-it,,,,,
Sanity Solutions,http://www.crn.com/sp-500/2017/sp2017-details.htm?c=388,http://www.sanitysolutions.com/,http://www.linkedin.com/company/sanity-solutions,,,,,
Networking For Future (NFF),http://www.crn.com/sp-500/2017/sp2017-details.htm?c=389,http://www.nffinc.com/,http://www.linkedin.com/company/nff,,,,,
"Eastern Data, Inc. (EDI)",http://www.crn.com/sp-500/2017/sp2017-details.htm?c=390,http://ediatlanta.com/,,,,,,
Weidenhammer,http://www.crn.com/sp-500/2017/sp2017-details.htm?c=391,http://www.hammer.net/,http://www.linkedin.com/company/weidenhammer,,,,,
Aqueduct Technologies,http://www.crn.com/sp-500/2017/sp2017-details.htm?c=392,http://www.aqueducttech.com/,http://www.linkedin.com/company/aqueduct-technologies,,,,,
Edge Solutions,http://www.crn.com/sp-500/2017/sp2017-details.htm?c=393,http://www.edge-solutions.com/,https://www.linkedin.com/company/edge-solutions-llc,,,,,
SWK Technologies,http://www.crn.com/sp-500/2017/sp2017-details.htm?c=394,http://www.swktech.com/,https://www.linkedin.com/company/147493?trk=vsrp_companies_res_name&trkInfo=VSRPsearchId%3A99011455618083580%2CVSRPtargetId%3A147493%2CVSRPcmpt%3Aprimary,,,,,
SWC Technology Partners,http://www.crn.com/sp-500/2017/sp2017-details.htm?c=395,http://www.swc.com/,http://www.linkedin.com/company/swc-technology-partners,,,,,
InterWorks,http://www.crn.com/sp-500/2017/sp2017-details.htm?c=396,http://www.interworks.com/,https://www.linkedin.com/company/interworks-inc,,,,,
Axispoint Technology Solutions Group,http://www.crn.com/sp-500/2017/sp2017-details.htm?c=397,http://www.atsg.net/,,,,,,
MCW Solutions,http://www.crn.com/sp-500/2017/sp2017-details.htm?c=398,http://www.mcwsolutions.com/,https://www.linkedin.com/company/582276,,,,,
"Vormittag Associates, Inc. (VAI)",http://www.crn.com/sp-500/2017/sp2017-details.htm?c=399,http://vai.net/,http://www.linkedin.com/company/vai_2,,,,,
Vision33,http://www.crn.com/sp-500/2017/sp2017-details.htm?c=400,http://www.vision-33.com/,http://www.linkedin.com/company/vision33,,,,,
En-Net Services,http://www.crn.com/sp-500/2017/sp2017-details.htm?c=401,http://www.en-netservices.com/,,,,,,
Cal Net Technology Group,http://www.crn.com/sp-500/2017/sp2017-details.htm?c=402,http://www.calnettech.com/,https://www.linkedin.com/company/cal-net-technology-group,,,,,
PCNation,http://www.crn.com/sp-500/2017/sp2017-details.htm?c=403,http://www.pcnation.com/,,,,,,
Buchanan Technologies,http://www.crn.com/sp-500/2017/sp2017-details.htm?c=404,http://www.buchanan.com/,https://www.linkedin.com/company-beta/11701/,,,,,
RightStar Systems,http://www.crn.com/sp-500/2017/sp2017-details.htm?c=405,http://www.rightstar.com/,http://www.linkedin.com/company/rightstar-systems,,,,,
FedBiz IT Solutions,http://www.crn.com/sp-500/2017/sp2017-details.htm?c=406,http://www.fedbizit.com/,http://www.linkedin.com/company/3154712?trk=tyah,,,,,
DH Technologies,http://www.crn.com/sp-500/2017/sp2017-details.htm?c=407,http://www.dhtech.com/,https://www.linkedin.com/company/3099801,,,,,
ITS Partners,http://www.crn.com/sp-500/2017/sp2017-details.htm?c=408,http://www.itsdelivers.com/,https://www.linkedin.com/company/its-partners,,,,,
Access Technologies,http://www.crn.com/sp-500/2017/sp2017-details.htm?c=409,http://www.accesssystems.net/,https://www.linkedin.com/company/access-systems-inc-,,,,,
High Touch Technologies,http://www.crn.com/sp-500/2017/sp2017-details.htm?c=410,http://hightouchtechnologies.com/,,,,,,
NOVIPRO,http://www.crn.com/sp-500/2017/sp2017-details.htm?c=411,http://www.novipro.com/,http://www.linkedin.com/companies/novipro,,,,,
PKA Technologies,http://www.crn.com/sp-500/2017/sp2017-details.htm?c=412,http://www.pkatech.com/,http://www.linkedin.com/company/231496,,,,,
HighVail Systems,http://www.crn.com/sp-500/2017/sp2017-details.htm?c=413,http://www.highvail.com/,https://www.linkedin.com/company/559716,,,,,
TERACAI,http://www.crn.com/sp-500/2017/sp2017-details.htm?c=414,http://www.teracai.com/,https://www.linkedin.com/company/teracai-corporation,,,,,
Central Computers,http://www.crn.com/sp-500/2017/sp2017-details.htm?c=415,http://www.centralcomputers.com/,,,,,,
CCB Technology,http://www.crn.com/sp-500/2017/sp2017-details.htm?c=416,http://www.ccbtechnology.com/,https://www.linkedin.com/company/ccb,,,,,
Global Data Systems,http://www.crn.com/sp-500/2017/sp2017-details.htm?c=417,http://www.getgds.com/,https://www.linkedin.com/company/global-data-systems,,,,,
FlexPrint,http://www.crn.com/sp-500/2017/sp2017-details.htm?c=418,http://www.flexprintinc.com/,http://www.linkedin.com/company/flexprintmps,,,,,
F3 Technology Partners,http://www.crn.com/sp-500/2017/sp2017-details.htm?c=419,http://www.f3partners.com/,http://www.linkedin.com/company/311253?trk=tyah,,,,,
Vintage IT Services,http://www.crn.com/sp-500/2017/sp2017-details.htm?c=420,http://www.vintageits.com/,https://www.linkedin.com/shareArticle?mini=true&url=https%3A%2F%2Fwww.facebook.com%2FVintageITServices%2Fposts%2F1923020414381037&title=www.cnet.com%2Fnews%2Fiphone-xs-face-id-supposedly-got-hacked-we-have-questions%2FWith%20so%20many%20relentless%20hackers%20out%20there%2C%20make%20sure%20your%20business%20has%20the%20best%20tech%20security%21%20Call%20us%20or%20visit%20Vintageits.com%20to%20learn%20more%20on%20why%20we%20are%20your%20best%20IT%20option%21%20...%20,,,,,
Adapture,http://www.crn.com/sp-500/2017/sp2017-details.htm?c=421,http://www.adapture.com/,https://www.linkedin.com/company/adapture,,,,,
Plan B Technologies,http://www.crn.com/sp-500/2017/sp2017-details.htm?c=422,http://www.planbtech.net/,http://www.linkedin.com/company/plan-b-technologies,,,,,
eGroup,http://www.crn.com/sp-500/2017/sp2017-details.htm?c=423,http://www.egroup-us.com/,https://www.linkedin.com/in/mikecarter92,,,,,
Axis Group,http://www.crn.com/sp-500/2017/sp2017-details.htm?c=424,http://www.axisgroup.com/,https://www.linkedin.com/company/axis-group,,,,,
Geocent,http://www.crn.com/sp-500/2017/sp2017-details.htm?c=425,http://www.geocent.com/,http://us.linkedin.com/company/geocent?trk=ppro_cprof,,,,,
Compulink Technologies,http://www.crn.com/sp-500/2017/sp2017-details.htm?c=426,http://www.compu-link.com/,https://www.linkedin.com/company/2331479,,,,,
Universal Data (UDI),http://www.crn.com/sp-500/2017/sp2017-details.htm?c=427,http://www.udi.com/,https://www.linkedin.com/company/universal-data-inc.,,,,,
Brite Computers,http://www.crn.com/sp-500/2017/sp2017-details.htm?c=428,http://www.britecomputers.com/,http://www.linkedin.com/company/brite-computers,,,,,
Pinnacle Business Systems,http://www.crn.com/sp-500/2017/sp2017-details.htm?c=429,http://www.pbsnow.com/,http://www.linkedin.com/company/pinnacle-business-systems,,,,,
Unistar-Sparco Computers,http://www.crn.com/sp-500/2017/sp2017-details.htm?c=430,http://www.sparco.com/,https://www.linkedin.com/company/unistar-sparco-computers-inc.,,,,,
Valorem,http://www.crn.com/sp-500/2017/sp2017-details.htm?c=431,http://www.valorem.com/,https://www.valorem.com/post/microsoftlinkedinintegration/,,,,,
Zumasys,http://www.crn.com/sp-500/2017/sp2017-details.htm?c=432,http://www.zumasys.com/,,,,,,
Mirapath,http://www.crn.com/sp-500/2017/sp2017-details.htm?c=433,http://www.mirapath.com/,https://www.linkedin.com/company/mirapath,,,,,
Paradigm Technology,http://www.crn.com/sp-500/2017/sp2017-details.htm?c=434,http://www.pt-corp.com/,http://www.linkedin.com/company/paradigm-technology,,,,,
Intact Technology,http://www.crn.com/sp-500/2017/sp2017-details.htm?c=435,http://www.intact-tech.com/,https://www.linkedin.com/company/intact-technology,,,,,
American Digital Corporation,http://www.crn.com/sp-500/2017/sp2017-details.htm?c=436,http://www.americandigital.com/,https://www.linkedin.com/company/87501?trk=tyah&trkInfo=idx%3A2-1-4%2CtarId%3A1424804824666%2Ctas%3Aamerican+digital,,,,,
Thrive Networks,http://www.crn.com/sp-500/2017/sp2017-details.htm?c=437,http://www.thrivenetworks.com/,https://www.linkedin.com/company/20969,,,,,
HCGI,http://www.crn.com/sp-500/2017/sp2017-details.htm?c=438,http://www.hcgi.com/,,,,,,
Ideal System Solutions,http://www.crn.com/sp-500/2017/sp2017-details.htm?c=439,http://www.idealssi.com/,http://www.linkedin.com/company/554934,,,,,
Data Networks,http://www.crn.com/sp-500/2017/sp2017-details.htm?c=440,http://www.datanetworks.com/,http://www.linkedin.com/company/data-networks,,,,,
GANTECH,http://www.crn.com/sp-500/2017/sp2017-details.htm?c=441,http://www.gantech.net/,http://www.linkedin.com/company/1566974,,,,,
Winslow Technology Group,http://www.crn.com/sp-500/2017/sp2017-details.htm?c=442,http://www.winslowtg.com/,https://www.linkedin.com/company/winslow-technology-group,,,,,
STG Tech Data,http://www.crn.com/sp-500/2017/sp2017-details.htm?c=443,http://www.signaturetechnology.com/,,,,,,
Kinney Group,http://www.crn.com/sp-500/2017/sp2017-details.htm?c=444,http://www.kinneygroup.com/,http://www.linkedin.com/company/kinney-group-inc-,,,,,
PCS Mobile,http://www.crn.com/sp-500/2017/sp2017-details.htm?c=445,http://www.pcsmobile.com/,https://www.linkedin.com/company/pcs-mobile,,,,,
Enterprise Integration,http://www.crn.com/sp-500/2017/sp2017-details.htm?c=446,http://www.entint.com/,https://www.linkedin.com/company/18276?trk=tyah,,,,,
BlueBridge Networks,http://www.crn.com/sp-500/2017/sp2017-details.htm?c=447,http://www.bluebridgenetworks.com/,http://www.linkedin.com/company/140169,,,,,
Network Data Systems,http://www.crn.com/sp-500/2017/sp2017-details.htm?c=448,http://www.network-data.com/,http://www.linkedin.com/company/network-data-systems?trk=fc_badge,,,,,
CentraComm,http://www.crn.com/sp-500/2017/sp2017-details.htm?c=449,http://www.centracomm.net/,,,,,,
Converged Technology Group,http://www.crn.com/sp-500/2017/sp2017-details.htm?c=450,http://www.convergedtechgroup.com/,http://www.linkedin.com/company/373805,,,,,
